trade_id,alpha_id,symbol,direction,entry_time,exit_time,entry_price,exit_price,exit_reason,atr,stop_price,target_price,initial_risk,gross_R,fee_R,slippage_R,funding_R,net_R,hold_bars,confidence,model_score,path_quality
1,discovery_pipeline_v6,BNBUSDT,LONG,1733436000000000000,,715.65,700.2428571428571,STOP_HIT,10.27142857142856,700.2428571428571,736.1928571428571,15.40714285714284,-1.0,0.037159,0.009423,0.0,-1.046583,1,0.5532259345054626,0.5532259345054626,0.0
2,discovery_pipeline_v6,ETHUSDT,LONG,1723723200000000000,,2640.56,2606.519642857143,STOP_HIT,22.693571428571335,2606.519642857143,2685.947142857143,34.040357142857005,-1.0,0.062057,0.015648,0.0,-1.077705,6,0.5617315769195557,0.5617315769195557,0.85
3,discovery_pipeline_v6,SOLUSDT,LONG,1707098400000000000,,95.161,96.96942857142858,TARGET_HIT,0.9042142857142872,93.80467857142857,96.96942857142858,1.3563214285714307,1.333333,0.056129,0.014166,0.0,1.263039,6,0.550779402256012,0.550779402256012,0.85
4,discovery_pipeline_v6,SOLUSDT,LONG,1707109200000000000,,96.116,98.03557142857143,TARGET_HIT,0.9597857142857151,94.67632142857143,98.03557142857143,1.4396785714285727,1.333333,0.05341,0.013486,0.0,1.266438,6,0.550822913646698,0.550822913646698,0.85
5,discovery_pipeline_v6,SOLUSDT,LONG,1707145200000000000,,95.557,97.6047142857143,TARGET_HIT,1.023857142857143,94.0212142857143,97.6047142857143,1.5357857142857145,1.333333,0.049776,0.012577,0.0,1.27098,1,0.5609109997749329,0.5609109997749329,0.0
6,discovery_pipeline_v6,SOLUSDT,LONG,1707159600000000000,,95.906,94.39378571428573,STOP_HIT,1.0081428571428563,94.39378571428573,97.92228571428572,1.5122142857142844,-1.0,0.050737,0.012818,0.0,-1.063554,4,0.5513777136802673,0.5513777136802673,0.4
7,discovery_pipeline_v6,SOLUSDT,LONG,1707350400000000000,,101.976,101.205,TIME_EXIT,1.096500000000002,100.33125,104.169,1.644750000000003,-0.468764,0.049601,0.012534,0.0,-0.530898,12,0.5687036514282227,0.5687036514282227,0.2
8,discovery_pipeline_v6,SOLUSDT,LONG,1707361200000000000,,101.767,104.12414285714286,TARGET_HIT,1.1785714285714306,99.99914285714286,104.12414285714286,1.767857142857146,1.333333,0.046052,0.011646,0.0,1.275635,12,0.5784043073654175,0.5784043073654175,0.6
9,discovery_pipeline_v6,SOLUSDT,LONG,1707372000000000000,,100.735,102.87057142857144,TARGET_HIT,1.0677857142857161,99.13332142857142,102.87057142857144,1.6016785714285742,1.333333,0.050315,0.012712,0.0,1.270307,8,0.5843092203140259,0.5843092203140259,0.85
10,discovery_pipeline_v6,SOLUSDT,LONG,1707415200000000000,,102.655,105.17471428571429,TARGET_HIT,1.2598571428571421,100.7652142857143,105.17471428571429,1.889785714285713,1.333333,0.043457,0.010998,0.0,1.278879,9,0.5590059161186218,0.5590059161186218,0.6
11,discovery_pipeline_v6,SOLUSDT,LONG,1707426000000000000,,102.654,105.25214285714286,TARGET_HIT,1.2990714285714273,100.70539285714285,105.25214285714286,1.948607142857141,1.333333,0.042145,0.010669,0.0,1.280519,6,0.5732188820838928,0.5732188820838928,0.85
12,discovery_pipeline_v6,SOLUSDT,LONG,1707444000000000000,,105.608,105.89,TIME_EXIT,1.3334285714285699,103.60785714285714,108.27485714285714,2.000142857142855,0.14099,0.04224,0.010693,0.0,0.088056,12,0.5521571040153503,0.5521571040153503,0.4
13,discovery_pipeline_v6,SOLUSDT,LONG,1707487200000000000,,104.9,107.59585714285714,TARGET_HIT,1.3479285714285691,102.87810714285715,107.59585714285714,2.021892857142854,1.333333,0.041506,0.01051,0.0,1.281318,8,0.5619440674781799,0.5619440674781799,0.6
14,discovery_pipeline_v6,SOLUSDT,LONG,1707498000000000000,,105.273,107.93042857142856,TARGET_HIT,1.328714285714285,103.27992857142857,107.93042857142856,1.9930714285714277,1.333333,0.042256,0.010697,0.0,1.280381,5,0.5665759444236755,0.5665759444236755,0.85
15,discovery_pipeline_v6,SOLUSDT,LONG,1707516000000000000,,107.872,109.001,TIME_EXIT,1.5873571428571438,105.49096428571428,111.04671428571429,2.3810357142857157,0.474163,0.036244,0.009194,0.0,0.428725,12,0.5523579120635986,0.5523579120635986,0.85
16,discovery_pipeline_v6,SOLUSDT,LONG,1707526800000000000,,108.792,107.807,TIME_EXIT,1.6031428571428574,106.38728571428571,111.99828571428571,2.4047142857142862,-0.409612,0.036193,0.009182,0.0,-0.454987,12,0.6043509840965271,0.6043509840965271,0.6
17,discovery_pipeline_v6,SOLUSDT,LONG,1707537600000000000,,110.141,107.84782142857144,STOP_HIT,1.5287857142857146,107.84782142857144,113.19857142857144,2.293178571428572,-1.0,0.038424,0.009739,0.0,-1.048163,7,0.6049757599830627,0.6049757599830627,0.2
18,discovery_pipeline_v6,SOLUSDT,LONG,1707552000000000000,,108.213,109.148,TIME_EXIT,1.4247142857142865,106.07592857142856,111.06242857142857,2.1370714285714296,0.437515,0.040509,0.010261,0.0,0.386745,12,0.5520723462104797,0.5520723462104797,0.6
19,discovery_pipeline_v6,SOLUSDT,LONG,1707674400000000000,,108.326,106.87464285714285,STOP_HIT,0.9675714285714301,106.87464285714285,110.26114285714286,1.451357142857145,-1.0,0.05971,0.015061,0.0,-1.074771,9,0.5550777316093445,0.5550777316093445,0.4
20,discovery_pipeline_v6,SOLUSDT,LONG,1707685200000000000,,107.358,109.357,TARGET_HIT,0.9995000000000006,105.85875,109.357,1.4992500000000009,1.333333,0.057286,0.014455,0.0,1.261592,4,0.5518102645874023,0.5518102645874023,0.85
21,discovery_pipeline_v6,SOLUSDT,LONG,1707703200000000000,,105.833,108.142,TARGET_HIT,1.1544999999999987,104.10125,108.142,1.7317499999999981,1.333333,0.048891,0.012356,0.0,1.272087,1,0.5602331757545471,0.5602331757545471,0.0
22,discovery_pipeline_v6,SOLUSDT,LONG,1707714000000000000,,105.452,103.70975,STOP_HIT,1.1614999999999998,103.70975,107.77499999999999,1.7422499999999996,-1.0,0.048421,0.012239,0.0,-1.06066,7,0.5714161396026611,0.5714161396026611,0.4
23,discovery_pipeline_v6,SOLUSDT,LONG,1707732000000000000,,104.525,106.8757142857143,TARGET_HIT,1.1753571428571417,102.7619642857143,106.8757142857143,1.7630357142857125,1.333333,0.04743,0.011991,0.0,1.273913,6,0.5948303937911987,0.5948303937911987,0.6
24,discovery_pipeline_v6,SOLUSDT,LONG,1707742800000000000,,104.47,107.02,TARGET_HIT,1.2749999999999997,102.5575,107.02,1.9124999999999996,1.333333,0.0437,0.011058,0.0,1.278575,3,0.6014115214347839,0.6014115214347839,0.85
25,discovery_pipeline_v6,SOLUSDT,LONG,1707753600000000000,,108.723,111.28699999999999,TARGET_HIT,1.2819999999999996,106.8,111.28699999999999,1.9229999999999994,1.333333,0.045231,0.011441,0.0,1.276662,4,0.5663532614707947,0.5663532614707947,0.6
26,discovery_pipeline_v6,SOLUSDT,LONG,1707764400000000000,,109.835,112.7692857142857,TARGET_HIT,1.4671428571428555,107.63428571428571,112.7692857142857,2.2007142857142834,1.333333,0.039927,0.010115,0.0,1.283291,6,0.579387366771698,0.579387366771698,0.85
27,discovery_pipeline_v6,SOLUSDT,LONG,1707775200000000000,,111.656,114.78257142857143,TARGET_HIT,1.563285714285714,109.31107142857144,114.78257142857143,2.344928571428571,1.333333,0.038093,0.009657,0.0,1.285584,3,0.5851271152496338,0.5851271152496338,0.2
28,discovery_pipeline_v6,SOLUSDT,LONG,1708030800000000000,,112.083,111.221,TIME_EXIT,1.5757857142857128,109.71932142857143,115.23457142857143,2.363678571428569,-0.364686,0.037935,0.009617,0.0,-0.412238,12,0.5511622428894043,0.5511622428894043,0.6
29,discovery_pipeline_v6,SOLUSDT,LONG,1708041600000000000,,113.389,110.788,STOP_HIT,1.7340000000000018,110.788,116.857,2.6010000000000026,-1.0,0.034876,0.008852,0.0,-1.043728,9,0.5629758238792419,0.5629758238792419,0.4
30,discovery_pipeline_v6,SOLUSDT,LONG,1708095600000000000,,109.73,109.814,TIME_EXIT,1.4062857142857144,107.62057142857144,112.54257142857143,2.1094285714285714,0.039821,0.041615,0.010537,0.0,-0.012331,12,0.5734173059463501,0.5734173059463501,0.4
31,discovery_pipeline_v6,SOLUSDT,LONG,1708106400000000000,,109.331,109.575,TIME_EXIT,1.4547142857142856,107.14892857142857,112.24042857142858,2.1820714285714287,0.11182,0.040083,0.010154,0.0,0.061583,12,0.5693458318710327,0.5693458318710327,0.6
32,discovery_pipeline_v6,SOLUSDT,LONG,1708117200000000000,,109.577,109.395,TIME_EXIT,1.5077857142857138,107.31532142857142,112.59257142857143,2.261678571428571,-0.080471,0.03876,0.009823,0.0,-0.129054,12,0.5540168285369873,0.5540168285369873,0.6
33,discovery_pipeline_v6,SOLUSDT,LONG,1708178400000000000,,107.078,109.34,TARGET_HIT,1.1309999999999991,105.3815,109.34,1.6964999999999986,1.333333,0.050494,0.012757,0.0,1.270083,8,0.5638824701309204,0.5638824701309204,0.4
34,discovery_pipeline_v6,SOLUSDT,LONG,1708189200000000000,,107.77,109.072,TIME_EXIT,1.1119999999999988,106.102,109.994,1.6679999999999982,0.780576,0.051688,0.013055,0.0,0.715832,12,0.5673027634620667,0.5673027634620667,0.85
35,discovery_pipeline_v6,SOLUSDT,LONG,1708264800000000000,,112.198,112.286,TIME_EXIT,1.222142857142858,110.3647857142857,114.6422857142857,1.8332142857142872,0.048003,0.048962,0.012374,0.0,-0.013333,12,0.5859623551368713,0.5859623551368713,0.85
36,discovery_pipeline_v6,SOLUSDT,LONG,1708275600000000000,,113.333,111.46614285714286,STOP_HIT,1.24457142857143,111.46614285714286,115.82214285714286,1.866857142857145,-1.0,0.048566,0.012275,0.0,-1.060841,11,0.5756757259368896,0.5756757259368896,0.2
37,discovery_pipeline_v6,SOLUSDT,LONG,1708286400000000000,,112.475,113.288,TIME_EXIT,1.2720000000000005,110.567,115.01899999999999,1.9080000000000008,0.426101,0.047159,0.011923,0.0,0.367018,12,0.5713165402412415,0.5713165402412415,0.6
38,discovery_pipeline_v6,SOLUSDT,LONG,1708344000000000000,,111.998,114.26942857142858,TARGET_HIT,1.1357142857142861,110.29442857142857,114.26942857142858,1.7035714285714292,1.333333,0.052594,0.013282,0.0,1.267457,2,0.5546987056732178,0.5546987056732178,0.85
39,discovery_pipeline_v6,SOLUSDT,LONG,1708354800000000000,,113.78,111.72800000000001,STOP_HIT,1.367999999999999,111.72800000000001,116.516,2.0519999999999987,-1.0,0.044359,0.011223,0.0,-1.055582,5,0.5749257206916809,0.5749257206916809,0.4
40,discovery_pipeline_v6,SOLUSDT,LONG,1708365600000000000,,112.081,109.88339285714287,STOP_HIT,1.4650714285714284,109.88339285714287,115.01114285714286,2.1976071428571426,-1.0,0.040801,0.010334,0.0,-1.051135,8,0.5624685883522034,0.5624685883522034,0.4
41,discovery_pipeline_v6,SOLUSDT,LONG,1708437600000000000,,107.807,105.47589285714285,STOP_HIT,1.554071428571431,105.47589285714285,110.91514285714287,2.3311071428571464,-1.0,0.036998,0.009383,0.0,-1.04638,2,0.5607682466506958,0.5607682466506958,0.6
42,discovery_pipeline_v6,SOLUSDT,LONG,1708448400000000000,,105.526,109.35871428571429,TARGET_HIT,1.9163571428571455,102.65146428571428,109.35871428571429,2.8745357142857184,1.333333,0.029368,0.007475,0.0,1.296489,7,0.5888703465461731,0.5888703465461731,0.85
43,discovery_pipeline_v6,SOLUSDT,LONG,1708459200000000000,,107.623,104.61153571428572,STOP_HIT,2.007642857142859,104.61153571428572,111.63828571428573,3.011464285714289,-1.0,0.02859,0.007281,0.0,-1.035871,12,0.5611328482627869,0.5611328482627869,0.4
44,discovery_pipeline_v6,SOLUSDT,LONG,1708470000000000000,,108.418,105.46385714285715,STOP_HIT,1.9694285714285737,105.46385714285715,112.35685714285715,2.9541428571428607,-1.0,0.02936,0.007473,0.0,-1.036834,8,0.5529227256774902,0.5529227256774902,0.4
45,discovery_pipeline_v6,SOLUSDT,LONG,1708542000000000000,,102.102,104.906,TIME_EXIT,1.8872857142857151,99.27107142857143,105.87657142857144,2.8309285714285726,0.990488,0.028853,0.007347,0.0,0.954288,12,0.5555699467658997,0.5555699467658997,0.85
46,discovery_pipeline_v6,SOLUSDT,LONG,1708552800000000000,,104.704,106.732,TIME_EXIT,1.9816428571428588,101.73153571428571,108.66728571428571,2.9724642857142882,0.682262,0.02818,0.007178,0.0,0.646904,12,0.5612860321998596,0.5612860321998596,0.4
47,discovery_pipeline_v6,SOLUSDT,LONG,1708624800000000000,,104.787,102.67007142857143,STOP_HIT,1.411285714285715,102.67007142857143,107.60957142857144,2.1169285714285726,-1.0,0.0396,0.010033,0.0,-1.049633,5,0.5873276591300964,0.5873276591300964,0.2
48,discovery_pipeline_v6,SOLUSDT,LONG,1708635600000000000,,103.688,101.42460714285714,STOP_HIT,1.5089285714285705,101.42460714285714,106.70585714285714,2.263392857142856,-1.0,0.036649,0.009296,0.0,-1.045944,6,0.5577136874198914,0.5577136874198914,0.4
49,discovery_pipeline_v6,SOLUSDT,LONG,1708646400000000000,,102.664,102.75,TIME_EXIT,1.5081428571428563,100.40178571428572,105.68028571428572,2.2622142857142844,0.038016,0.036306,0.00921,0.0,-0.0075,12,0.580316424369812,0.580316424369812,0.2
50,discovery_pipeline_v6,SOLUSDT,LONG,1708696800000000000,,102.317,100.59971428571428,STOP_HIT,1.1448571428571432,100.59971428571428,104.60671428571428,1.717285714285715,-1.0,0.047665,0.012049,0.0,-1.059714,2,0.5670126080513,0.5670126080513,0.4
51,discovery_pipeline_v6,SOLUSDT,LONG,1708707600000000000,,101.62,99.67160714285716,STOP_HIT,1.2989285714285697,99.67160714285716,104.21785714285714,1.9483928571428546,-1.0,0.041725,0.010564,0.0,-1.052289,7,0.5815620422363281,0.5815620422363281,0.2
52,discovery_pipeline_v6,SOLUSDT,LONG,1708722000000000000,,101.164,99.29650000000001,STOP_HIT,1.2449999999999986,99.29650000000001,103.654,1.867499999999998,-1.0,0.043337,0.010967,0.0,-1.054304,3,0.5702677369117737,0.5702677369117737,0.2
53,discovery_pipeline_v6,SOLUSDT,LONG,1708732800000000000,,100.629,98.65510714285715,STOP_HIT,1.3159285714285696,98.65510714285715,103.26085714285715,1.9738928571428542,-1.0,0.040784,0.010329,0.0,-1.051113,2,0.5798745155334473,0.5798745155334473,0.2
54,discovery_pipeline_v6,SOLUSDT,LONG,1708743600000000000,,100.28,102.235,TIME_EXIT,1.3869999999999985,98.1995,103.054,2.0804999999999976,0.939678,0.03856,0.009773,0.0,0.891345,12,0.5733136534690857,0.5733136534690857,0.85
55,discovery_pipeline_v6,SOLUSDT,LONG,1708830000000000000,,103.483,102.16589285714286,STOP_HIT,0.8780714285714291,102.16589285714286,105.23914285714287,1.3171071428571435,-1.0,0.062855,0.015847,0.0,-1.078702,8,0.5723128318786621,0.5723128318786621,0.2
56,discovery_pipeline_v6,SOLUSDT,LONG,1708912800000000000,,102.667,101.17771428571429,STOP_HIT,0.9928571428571443,101.17771428571429,104.6527142857143,1.4892857142857165,-1.0,0.05515,0.013921,0.0,-1.06907,10,0.5988847613334656,0.5988847613334656,0.6
57,discovery_pipeline_v6,SOLUSDT,LONG,1708923600000000000,,104.085,102.627,STOP_HIT,0.9720000000000023,102.627,106.029,1.4580000000000035,-1.0,0.057111,0.014411,0.0,-1.071522,5,0.5751214623451233,0.5751214623451233,0.2
58,discovery_pipeline_v6,SOLUSDT,LONG,1708934400000000000,,103.684,102.20532142857142,STOP_HIT,0.9857857142857165,102.20532142857142,105.65557142857143,1.4786785714285746,-1.0,0.056095,0.014157,0.0,-1.070253,2,0.56329745054245,0.56329745054245,0.6
59,discovery_pipeline_v6,SOLUSDT,LONG,1708945200000000000,,101.054,103.36914285714286,TARGET_HIT,1.157571428571431,99.31764285714286,103.36914285714286,1.7363571428571465,1.333333,0.046559,0.011773,0.0,1.275001,4,0.6087283492088318,0.6087283492088318,0.6
60,discovery_pipeline_v6,SOLUSDT,LONG,1708956000000000000,,103.611,101.67717857142857,STOP_HIT,1.2892142857142872,101.67717857142857,106.18942857142858,1.9338214285714308,-1.0,0.042863,0.010849,0.0,-1.053712,1,0.5747877955436707,0.5747877955436707,0.0
61,discovery_pipeline_v6,SOLUSDT,LONG,1708966800000000000,,109.684,107.34496428571428,STOP_HIT,1.559357142857144,107.34496428571428,112.80271428571429,2.339035714285716,-1.0,0.037514,0.009512,0.0,-1.047026,1,0.5828838348388672,0.5828838348388672,0.0
62,discovery_pipeline_v6,SOLUSDT,LONG,1708977600000000000,,109.27,110.479,TIME_EXIT,1.7503571428571445,106.64446428571428,112.77071428571429,2.625535714285717,0.460477,0.033295,0.008457,0.0,0.418726,12,0.5799606442451477,0.5799606442451477,0.85
63,discovery_pipeline_v6,SOLUSDT,LONG,1708988400000000000,,110.034,111.921,TIME_EXIT,1.6531428571428586,107.55428571428571,113.34028571428573,2.4797142857142878,0.760975,0.035499,0.009008,0.0,0.716468,12,0.5787017941474915,0.5787017941474915,0.85
64,discovery_pipeline_v6,SOLUSDT,LONG,1708999200000000000,,111.398,110.368,TIME_EXIT,1.8190714285714296,108.66939285714285,115.03614285714285,2.728607142857144,-0.377482,0.032661,0.008299,0.0,-0.418441,12,0.5724837779998779,0.5724837779998779,0.2
65,discovery_pipeline_v6,SOLUSDT,LONG,1709010000000000000,,110.4,107.67835714285715,STOP_HIT,1.8144285714285726,107.67835714285715,114.02885714285715,2.721642857142859,-1.0,0.032451,0.008246,0.0,-1.040697,11,0.5635238885879517,0.5635238885879517,0.4
66,discovery_pipeline_v6,SOLUSDT,LONG,1709056800000000000,,107.295,108.793,TIME_EXIT,1.5789285714285717,104.92660714285715,110.45285714285714,2.3683928571428576,0.632496,0.036242,0.009194,0.0,0.58706,12,0.6073752045631409,0.6073752045631409,0.85
67,discovery_pipeline_v6,SOLUSDT,LONG,1709067600000000000,,109.054,110.54,TIME_EXIT,1.5681428571428566,106.70178571428572,112.19028571428572,2.352214285714285,0.631745,0.03709,0.009406,0.0,0.58525,12,0.598057210445404,0.598057210445404,0.6
68,discovery_pipeline_v6,SOLUSDT,LONG,1709118000000000000,,111.576,115.01299999999999,TARGET_HIT,1.7184999999999988,108.99825,115.01299999999999,2.577749999999998,1.333333,0.034627,0.00879,0.0,1.289916,1,0.5532947778701782,0.5532947778701782,0.0
69,discovery_pipeline_v6,SOLUSDT,LONG,1709139600000000000,,114.841,110.09092857142856,STOP_HIT,3.166714285714284,110.09092857142856,121.17442857142856,4.750071428571426,-1.0,0.019341,0.004969,0.0,-1.02431,1,0.5503097176551819,0.5503097176551819,0.0
70,discovery_pipeline_v6,SOLUSDT,LONG,1709150400000000000,,112.385,120.14442857142858,TARGET_HIT,3.8797142857142837,106.56542857142858,120.14442857142858,5.819571428571425,1.333333,0.015449,0.003996,0.0,1.313888,5,0.5738357305526733,0.5738357305526733,0.85
71,discovery_pipeline_v6,SOLUSDT,LONG,1709780400000000000,,138.385,144.33657142857143,TARGET_HIT,2.9757857142857156,133.92132142857142,144.33657142857143,4.463678571428574,1.333333,0.024802,0.006334,0.0,1.302198,9,0.5628542304039001,0.5628542304039001,0.6
72,discovery_pipeline_v6,SOLUSDT,LONG,1709791200000000000,,139.176,145.21442857142856,TARGET_HIT,3.0192142857142863,134.64717857142855,145.21442857142856,4.52882142857143,1.333333,0.024585,0.00628,0.0,1.302469,8,0.588485598564148,0.588485598564148,0.6
73,discovery_pipeline_v6,SOLUSDT,LONG,1709802000000000000,,139.919,146.13185714285717,TARGET_HIT,3.106428571428574,135.25935714285714,146.13185714285717,4.659642857142861,1.333333,0.024022,0.006139,0.0,1.303172,6,0.6028262376785278,0.6028262376785278,0.85
74,discovery_pipeline_v6,SOLUSDT,LONG,1709812800000000000,,142.895,143.997,TIME_EXIT,3.634071428571429,137.44389285714286,150.16314285714287,5.451107142857143,0.202161,0.020971,0.005376,0.0,0.175813,12,0.5807198882102966,0.5807198882102966,0.6
75,discovery_pipeline_v6,SOLUSDT,LONG,1709938800000000000,,144.879,146.927,TIME_EXIT,3.6795000000000004,139.35975,152.238,5.51925,0.371065,0.021,0.005383,0.0,0.344682,12,0.5696803331375122,0.5696803331375122,0.85
76,discovery_pipeline_v6,SOLUSDT,LONG,1709949600000000000,,146.489,146.293,TIME_EXIT,3.5958571428571378,141.0952142857143,153.6807142857143,5.393785714285706,-0.036338,0.021727,0.005565,0.0,-0.06363,12,0.5685766339302063,0.5685766339302063,0.6
77,discovery_pipeline_v6,SOLUSDT,LONG,1709982000000000000,,146.966,144.36617857142858,STOP_HIT,1.7332142857142867,144.36617857142858,150.43242857142857,2.5998214285714303,-1.0,0.045223,0.011439,0.0,-1.056663,7,0.5514053106307983,0.5514053106307983,0.2
78,discovery_pipeline_v6,SOLUSDT,LONG,1710021600000000000,,145.062,148.14085714285716,TARGET_HIT,1.539428571428573,142.75285714285715,148.14085714285716,2.3091428571428594,1.333333,0.050257,0.012697,0.0,1.270379,5,0.5534331798553467,0.5534331798553467,0.6
79,discovery_pipeline_v6,SOLUSDT,LONG,1710032400000000000,,147.213,144.91360714285713,STOP_HIT,1.5329285714285723,144.91360714285713,150.27885714285713,2.2993928571428586,-1.0,0.051218,0.012938,0.0,-1.064156,11,0.5985924601554871,0.5985924601554871,0.4
80,discovery_pipeline_v6,SOLUSDT,LONG,1710118800000000000,,138.725,144.0257142857143,TARGET_HIT,2.650357142857142,134.74946428571428,144.0257142857143,3.975535714285713,1.333333,0.027916,0.007112,0.0,1.298305,7,0.580406665802002,0.580406665802002,0.85
81,discovery_pipeline_v6,SOLUSDT,LONG,1710129600000000000,,140.614,145.816,TARGET_HIT,2.6010000000000013,136.7125,145.816,3.901500000000002,1.333333,0.028833,0.007342,0.0,1.297159,4,0.5877677202224731,0.5877677202224731,0.85
82,discovery_pipeline_v6,SOLUSDT,LONG,1710147600000000000,,149.278,147.532,TIME_EXIT,3.036071428571426,144.72389285714286,155.35014285714286,4.55410714285714,-0.38339,0.026223,0.006689,0.0,-0.416302,12,0.550812304019928,0.550812304019928,0.2
83,discovery_pipeline_v6,SOLUSDT,LONG,1710226800000000000,,152.035,148.36396428571427,STOP_HIT,2.4473571428571432,148.36396428571427,156.92971428571428,3.671035714285715,-1.0,0.033132,0.008416,0.0,-1.041548,2,0.5694737434387207,0.5694737434387207,0.85
84,discovery_pipeline_v6,SOLUSDT,LONG,1710237600000000000,,150.847,146.51832142857143,STOP_HIT,2.885785714285715,146.51832142857143,156.61857142857144,4.328678571428572,-1.0,0.027879,0.007103,0.0,-1.034982,7,0.5503337383270264,0.5503337383270264,0.2
85,discovery_pipeline_v6,SOLUSDT,LONG,1710248400000000000,,150.509,145.71082142857142,STOP_HIT,3.1987857142857172,145.71082142857142,156.90657142857143,4.798178571428576,-1.0,0.025094,0.006407,0.0,-1.031501,5,0.5629254579544067,0.5629254579544067,0.2
86,discovery_pipeline_v6,SOLUSDT,LONG,1710270000000000000,,150.074,152.557,TIME_EXIT,3.4985714285714278,144.82614285714288,157.07114285714286,5.247857142857142,0.473146,0.022878,0.005853,0.0,0.444415,12,0.5653759241104126,0.5653759241104126,0.6
87,discovery_pipeline_v6,SOLUSDT,LONG,1710280800000000000,,148.512,152.204,TIME_EXIT,3.1862142857142857,143.73267857142858,154.88442857142857,4.7793214285714285,0.772495,0.024859,0.006348,0.0,0.741287,12,0.5557535886764526,0.5557535886764526,0.85
88,discovery_pipeline_v6,SOLUSDT,LONG,1710360000000000000,,160.114,165.60457142857143,TARGET_HIT,2.7452857142857203,155.9960714285714,165.60457142857143,4.11792857142858,1.333333,0.031106,0.00791,0.0,1.294318,2,0.5697853565216064,0.5697853565216064,0.85
89,discovery_pipeline_v6,SOLUSDT,SHORT,1711522800000000000,,186.961,190.60985714285715,STOP_HIT,2.4325714285714315,190.60985714285715,182.09585714285714,3.648857142857147,-1.0,0.040991,0.010381,0.0,-1.051372,7,0.5533691644668579,0.5533691644668579,0.85
90,discovery_pipeline_v6,SOLUSDT,SHORT,1711540800000000000,,187.29,190.9310357142857,STOP_HIT,2.427357142857143,190.9310357142857,182.4352857142857,3.6410357142857146,-1.0,0.041151,0.010421,0.0,-1.051572,2,0.5544182658195496,0.5544182658195496,0.85
91,discovery_pipeline_v6,SOLUSDT,LONG,1719504000000000000,,147.797,147.509,TIME_EXIT,2.2164285714285676,144.47235714285713,152.22985714285713,3.3246428571428517,-0.086626,0.035564,0.009024,0.0,-0.131214,12,0.5516270995140076,0.5516270995140076,0.85
92,discovery_pipeline_v6,SOLUSDT,LONG,1719514800000000000,,148.418,145.04932142857143,STOP_HIT,2.2457857142857125,145.04932142857143,152.90957142857144,3.3686785714285685,-1.0,0.035247,0.008945,0.0,-1.044192,11,0.5766751170158386,0.5766751170158386,0.4
93,discovery_pipeline_v6,SOLUSDT,LONG,1719525600000000000,,150.148,146.67314285714286,STOP_HIT,2.3165714285714256,146.67314285714286,154.78114285714284,3.4748571428571386,-1.0,0.034568,0.008775,0.0,-1.043343,5,0.5824537873268127,0.5824537873268127,0.2
94,discovery_pipeline_v6,SOLUSDT,LONG,1719583200000000000,,141.819,145.70714285714283,TARGET_HIT,1.9440714285714253,138.90289285714286,145.70714285714283,2.916107142857138,1.333333,0.038906,0.00986,0.0,1.284567,2,0.5573644638061523,0.5573644638061523,0.85
95,discovery_pipeline_v6,SOLUSDT,LONG,1719597600000000000,,141.73,140.556,TIME_EXIT,2.1338571428571425,138.5292142857143,145.99771428571427,3.200785714285714,-0.366785,0.035424,0.008989,0.0,-0.411198,12,0.6016649007797241,0.6016649007797241,0.2
96,discovery_pipeline_v6,SOLUSDT,LONG,1719788400000000000,,146.582,146.804,TIME_EXIT,1.3614285714285674,144.53985714285713,149.30485714285712,2.042142857142851,0.108709,0.057423,0.014489,0.0,0.036797,12,0.5556987524032593,0.5556987524032593,0.85
97,discovery_pipeline_v6,SOLUSDT,LONG,1719820800000000000,,147.412,147.273,TIME_EXIT,1.5002142857142846,145.16167857142858,150.41242857142856,2.250321428571427,-0.061769,0.052406,0.013235,0.0,-0.127409,12,0.5814270377159119,0.5814270377159119,0.6
98,discovery_pipeline_v6,SOLUSDT,LONG,1719838800000000000,,146.964,147.285,TIME_EXIT,1.5121428571428603,144.6957857142857,149.98828571428572,2.2682142857142904,0.141521,0.051834,0.013092,0.0,0.076595,12,0.5944199562072754,0.5944199562072754,0.85
99,discovery_pipeline_v6,SOLUSDT,LONG,1719849600000000000,,147.884,149.085,TIME_EXIT,1.4399285714285728,145.72410714285712,150.76385714285712,2.159892857142859,0.556046,0.054775,0.013827,0.0,0.487445,12,0.5875729322433472,0.5875729322433472,0.6
100,discovery_pipeline_v6,SOLUSDT,LONG,1719889200000000000,,149.085,146.99485714285717,STOP_HIT,1.3934285714285661,146.99485714285717,151.87185714285715,2.0901428571428493,-1.0,0.057062,0.014399,0.0,-1.071461,5,0.5660814046859741,0.5660814046859741,0.2
101,discovery_pipeline_v6,SOLUSDT,LONG,1719900000000000000,,147.71,150.27057142857143,TARGET_HIT,1.2802857142857107,145.78957142857143,150.27057142857143,1.920428571428566,1.333333,0.061532,0.015516,0.0,1.256285,7,0.5603429675102234,0.5603429675102234,0.85
102,discovery_pipeline_v6,SOLUSDT,LONG,1719932400000000000,,148.342,151.52742857142857,TARGET_HIT,1.5927142857142857,145.95292857142857,151.52742857142857,2.3890714285714285,1.333333,0.049674,0.012552,0.0,1.271108,4,0.5525473356246948,0.5525473356246948,0.85
103,discovery_pipeline_v6,SOLUSDT,LONG,1719943200000000000,,152.887,150.17767857142857,STOP_HIT,1.8062142857142862,150.17767857142857,156.49942857142858,2.709321428571429,-1.0,0.045144,0.011419,0.0,-1.056563,1,0.5552018284797668,0.5552018284797668,0.0
104,discovery_pipeline_v6,SOLUSDT,LONG,1719954000000000000,,153.609,150.83228571428572,STOP_HIT,1.851142857142857,150.83228571428572,157.31128571428573,2.7767142857142852,-1.0,0.044256,0.011197,0.0,-1.055454,7,0.6215807795524597,0.6215807795524597,0.4
105,discovery_pipeline_v6,SOLUSDT,LONG,1719964800000000000,,153.438,150.65539285714286,STOP_HIT,1.855071428571429,150.65539285714286,157.14814285714286,2.7826071428571435,-1.0,0.044113,0.011162,0.0,-1.055275,4,0.6073566675186157,0.6073566675186157,0.4
106,discovery_pipeline_v6,SOLUSDT,LONG,1719975600000000000,,150.56,147.92589285714286,STOP_HIT,1.7560714285714272,147.92589285714286,154.07214285714286,2.6341071428571405,-1.0,0.045726,0.011565,0.0,-1.057291,2,0.5976705551147461,0.5976705551147461,0.6
107,discovery_pipeline_v6,SOLUSDT,LONG,1720000800000000000,,144.1,141.40653571428572,STOP_HIT,1.7956428571428538,141.40653571428572,147.6912857142857,2.6934642857142808,-1.0,0.0428,0.010833,0.0,-1.053633,3,0.5861839056015015,0.5861839056015015,0.6
108,discovery_pipeline_v6,SOLUSDT,LONG,1720011600000000000,,144.083,140.95967857142858,STOP_HIT,2.0822142857142825,140.95967857142858,148.24742857142857,3.1233214285714235,-1.0,0.036905,0.00936,0.0,-1.046265,3,0.5926337242126465,0.5926337242126465,0.2
109,discovery_pipeline_v6,SOLUSDT,LONG,1720022400000000000,,142.527,139.17117857142856,STOP_HIT,2.2372142857142814,139.17117857142856,147.00142857142856,3.355821428571422,-1.0,0.033977,0.008628,0.0,-1.042605,4,0.5798356533050537,0.5798356533050537,0.2
110,discovery_pipeline_v6,SOLUSDT,LONG,1720033200000000000,,140.415,137.22685714285714,STOP_HIT,2.1254285714285674,137.22685714285714,144.66585714285713,3.188142857142851,-1.0,0.035234,0.008942,0.0,-1.044176,7,0.5779315233230591,0.5779315233230591,0.6
111,discovery_pipeline_v6,SOLUSDT,LONG,1720054800000000000,,134.096,139.32214285714286,TARGET_HIT,2.6130714285714265,130.17639285714287,139.32214285714286,3.9196071428571395,1.333333,0.027369,0.006976,0.0,1.298988,1,0.5577084422111511,0.5577084422111511,0.0
112,discovery_pipeline_v6,SOLUSDT,LONG,1720368000000000000,,138.295,135.48399999999998,STOP_HIT,1.8740000000000034,135.48399999999998,142.043,2.8110000000000053,-1.0,0.039358,0.009973,0.0,-1.049331,6,0.5527676939964294,0.5527676939964294,0.4
113,discovery_pipeline_v6,SOLUSDT,LONG,1720389600000000000,,133.012,130.1737857142857,STOP_HIT,1.8921428571428618,130.1737857142857,136.79628571428572,2.838214285714293,-1.0,0.037492,0.009506,0.0,-1.046998,3,0.5505679249763489,0.5505679249763489,0.6
114,discovery_pipeline_v6,SOLUSDT,LONG,1720400400000000000,,129.635,134.12742857142857,TARGET_HIT,2.246214285714291,126.26567857142855,134.12742857142857,3.3693214285714363,1.333333,0.03078,0.007828,0.0,1.294725,8,0.5756238102912903,0.5756238102912903,0.85
115,discovery_pipeline_v6,SOLUSDT,LONG,1720569600000000000,,139.082,143.05871428571427,TARGET_HIT,1.988357142857142,136.09946428571428,143.05871428571427,2.982535714285713,1.333333,0.037306,0.00946,0.0,1.286568,5,0.5521215796470642,0.5521215796470642,0.85
116,discovery_pipeline_v6,SOLUSDT,LONG,1720620000000000000,,140.74,142.745,TIME_EXIT,1.96142857142857,137.79785714285714,144.66285714285715,2.942142857142855,0.681476,0.038269,0.009701,0.0,0.633507,12,0.5713134407997131,0.5713134407997131,0.85
117,discovery_pipeline_v6,SOLUSDT,LONG,1720630800000000000,,140.967,140.565,TIME_EXIT,1.9358571428571392,138.0632142857143,144.8387142857143,2.903785714285709,-0.13844,0.038837,0.009843,0.0,-0.187119,12,0.5857908129692078,0.5857908129692078,0.6
118,discovery_pipeline_v6,SOLUSDT,LONG,1720641600000000000,,140.833,142.015,TIME_EXIT,1.597142857142854,138.4372857142857,144.0272857142857,2.395714285714281,0.493381,0.047028,0.01189,0.0,0.434462,12,0.5500291585922241,0.5500291585922241,0.6
119,discovery_pipeline_v6,SOLUSDT,LONG,1720652400000000000,,141.927,139.6817142857143,STOP_HIT,1.496857142857142,139.6817142857143,144.92071428571427,2.245285714285713,-1.0,0.050569,0.012776,0.0,-1.063344,5,0.5530331134796143,0.5530331134796143,0.4
120,discovery_pipeline_v6,SOLUSDT,LONG,1720666800000000000,,140.237,143.38885714285715,TARGET_HIT,1.5759285714285707,137.87310714285715,143.38885714285715,2.363892857142856,1.333333,0.04746,0.011998,0.0,1.273875,9,0.5535589456558228,0.5535589456558228,0.85
121,discovery_pipeline_v6,SOLUSDT,LONG,1720699200000000000,,143.636,141.37485714285714,STOP_HIT,1.5074285714285725,141.37485714285714,146.65085714285715,2.2611428571428585,-1.0,0.050819,0.012838,0.0,-1.063657,3,0.5700051784515381,0.5700051784515381,0.6
122,discovery_pipeline_v6,SOLUSDT,LONG,1720713600000000000,,138.237,135.654,STOP_HIT,1.7220000000000002,135.654,141.68099999999998,2.583,-1.0,0.042814,0.010837,0.0,-1.053651,5,0.5778775215148926,0.5778775215148926,0.2
123,discovery_pipeline_v6,SOLUSDT,LONG,1720724400000000000,,136.52,136.202,TIME_EXIT,1.6959285714285752,133.97610714285716,139.91185714285717,2.543892857142863,-0.125005,0.042933,0.010866,0.0,-0.178804,12,0.6062272787094116,0.6062272787094116,0.4
124,discovery_pipeline_v6,SOLUSDT,LONG,1720735200000000000,,136.712,134.02742857142854,STOP_HIT,1.7897142857142907,134.02742857142854,140.29142857142858,2.684571428571436,-1.0,0.04074,0.010318,0.0,-1.051058,4,0.6177778840065002,0.6177778840065002,0.2
125,discovery_pipeline_v6,SOLUSDT,LONG,1720753200000000000,,136.439,137.813,TIME_EXIT,1.9176428571428599,133.5625357142857,140.27428571428572,2.87646428571429,0.47767,0.037946,0.00962,0.0,0.430104,12,0.561387300491333,0.561387300491333,0.6
126,discovery_pipeline_v6,SOLUSDT,LONG,1720850400000000000,,138.853,139.618,TIME_EXIT,1.1492142857142855,137.12917857142858,141.15142857142857,1.7238214285714282,0.443781,0.06444,0.016243,0.0,0.363099,12,0.5513824820518494,0.5513824820518494,0.85
127,discovery_pipeline_v6,SOLUSDT,LONG,1720908000000000000,,142.177,140.37775,STOP_HIT,1.1995000000000005,140.37775,144.576,1.7992500000000007,-1.0,0.063216,0.015937,0.0,-1.079153,1,0.561316728591919,0.561316728591919,0.0
128,discovery_pipeline_v6,SOLUSDT,LONG,1720922400000000000,,143.597,146.44942857142857,TARGET_HIT,1.4262142857142845,141.45767857142857,146.44942857142857,2.139321428571427,1.333333,0.053698,0.013558,0.0,1.266077,8,0.5776180028915405,0.5776180028915405,0.85
129,discovery_pipeline_v6,SOLUSDT,LONG,1720936800000000000,,144.522,145.067,TIME_EXIT,1.5905714285714307,142.13614285714286,147.70314285714286,2.3858571428571462,0.228429,0.04846,0.012248,0.0,0.167722,12,0.5666719675064087,0.5666719675064087,0.6
130,discovery_pipeline_v6,SOLUSDT,LONG,1720951200000000000,,145.048,148.018,TIME_EXIT,1.7905000000000026,142.36225,148.62900000000002,2.685750000000004,1.105836,0.043205,0.010935,0.0,1.051697,12,0.5508328080177307,0.5508328080177307,0.6
131,discovery_pipeline_v6,SOLUSDT,LONG,1720962000000000000,,144.291,147.46457142857142,TARGET_HIT,1.5867857142857165,141.9108214285714,147.46457142857142,2.3801785714285746,1.333333,0.048498,0.012258,0.0,1.272578,9,0.5745358467102051,0.5745358467102051,0.85
132,discovery_pipeline_v6,SOLUSDT,LONG,1720972800000000000,,145.511,148.30257142857144,TARGET_HIT,1.3957857142857162,143.41732142857143,148.30257142857144,2.0936785714285744,1.333333,0.0556,0.014033,0.0,1.2637,8,0.5688049793243408,0.5688049793243408,0.85
133,discovery_pipeline_v6,SOLUSDT,LONG,1721034000000000000,,152.154,155.60357142857143,TARGET_HIT,1.7247857142857137,149.56682142857142,155.60357142857143,2.5871785714285704,1.333333,0.047049,0.011895,0.0,1.274389,10,0.5694897174835205,0.5694897174835205,0.85
134,discovery_pipeline_v6,SOLUSDT,LONG,1721048400000000000,,153.149,156.37657142857142,TARGET_HIT,1.6137857142857135,150.72832142857143,156.37657142857142,2.4206785714285703,1.333333,0.050614,0.012787,0.0,1.269933,7,0.561739981174469,0.561739981174469,0.85
135,discovery_pipeline_v6,SOLUSDT,LONG,1721059200000000000,,153.754,156.856,TARGET_HIT,1.550999999999998,151.42749999999998,156.856,2.3264999999999967,1.333333,0.05287,0.013351,0.0,1.267112,4,0.5764793753623962,0.5764793753623962,0.6
136,discovery_pipeline_v6,SOLUSDT,LONG,1721088000000000000,,158.0,154.91503571428572,STOP_HIT,2.0566428571428594,154.91503571428572,162.11328571428572,3.084964285714289,-1.0,0.040973,0.010377,0.0,-1.051349,6,0.551899254322052,0.551899254322052,0.6
137,discovery_pipeline_v6,SOLUSDT,LONG,1721109600000000000,,154.009,158.52771428571427,TARGET_HIT,2.259357142857147,150.61996428571427,158.52771428571427,3.3890357142857206,1.333333,0.036355,0.009222,0.0,1.287757,10,0.5907415747642517,0.5907415747642517,0.85
138,discovery_pipeline_v6,SOLUSDT,LONG,1721120400000000000,,155.087,159.62814285714285,TARGET_HIT,2.2705714285714316,151.68114285714285,159.62814285714285,3.4058571428571476,1.333333,0.036428,0.00924,0.0,1.287665,7,0.5893275141716003,0.5893275141716003,0.85
139,discovery_pipeline_v6,SOLUSDT,LONG,1721131200000000000,,155.784,160.22857142857143,TARGET_HIT,2.222285714285714,152.4505714285714,160.22857142857143,3.3334285714285707,1.333333,0.037387,0.00948,0.0,1.286466,4,0.5502908229827881,0.5502908229827881,0.6
140,discovery_pipeline_v6,SOLUSDT,LONG,1721142000000000000,,160.923,157.14117857142858,STOP_HIT,2.5212142857142856,157.14117857142858,165.96542857142856,3.7818214285714284,-1.0,0.034041,0.008644,0.0,-1.042685,1,0.5608413219451904,0.5608413219451904,0.0
141,discovery_pipeline_v6,SOLUSDT,LONG,1721152800000000000,,161.972,161.321,TIME_EXIT,2.632071428571428,158.02389285714287,167.23614285714285,3.948107142857142,-0.164889,0.03282,0.008338,0.0,-0.206048,12,0.579029381275177,0.579029381275177,0.4
142,discovery_pipeline_v6,SOLUSDT,LONG,1721228400000000000,,158.038,155.31925,STOP_HIT,1.8125,155.31925,161.663,2.71875,-1.0,0.046503,0.011759,0.0,-1.058262,2,0.5905507206916809,0.5905507206916809,0.85
143,discovery_pipeline_v6,SOLUSDT,LONG,1721239200000000000,,156.537,159.059,TIME_EXIT,2.0026428571428596,153.53303571428572,160.54228571428573,3.0039642857142894,0.839557,0.041688,0.010555,0.0,0.787314,12,0.6345007419586182,0.6345007419586182,0.6
144,discovery_pipeline_v6,SOLUSDT,LONG,1721250000000000000,,156.368,159.351,TIME_EXIT,2.0490714285714313,153.29439285714284,160.46614285714287,3.073607142857147,0.970521,0.0407,0.010308,0.0,0.919513,12,0.605329155921936,0.605329155921936,0.85
145,discovery_pipeline_v6,SOLUSDT,LONG,1721264400000000000,,159.085,160.892,TIME_EXIT,1.8987142857142894,156.23692857142856,162.8824285714286,2.848071428571434,0.634464,0.044686,0.011305,0.0,0.578474,12,0.5760877728462219,0.5760877728462219,0.6
146,discovery_pipeline_v6,SOLUSDT,LONG,1721314800000000000,,156.291,159.92985714285714,TARGET_HIT,1.819428571428568,153.56185714285715,159.92985714285714,2.729142857142852,1.333333,0.045814,0.011587,0.0,1.275933,8,0.5942057967185974,0.5942057967185974,0.6
147,discovery_pipeline_v6,SOLUSDT,LONG,1721325600000000000,,156.352,160.08471428571428,TARGET_HIT,1.8663571428571402,153.55246428571428,160.08471428571428,2.7995357142857102,1.333333,0.044679,0.011303,0.0,1.277351,5,0.6005428433418274,0.6005428433418274,0.6
148,discovery_pipeline_v6,SOLUSDT,LONG,1721336400000000000,,158.306,161.95557142857143,TARGET_HIT,1.824785714285712,155.56882142857145,161.95557142857143,2.737178571428568,1.333333,0.046268,0.0117,0.0,1.275365,7,0.5603092908859253,0.5603092908859253,0.4
149,discovery_pipeline_v6,SOLUSDT,LONG,1721390400000000000,,163.769,168.66357142857143,TARGET_HIT,2.4472857142857163,160.09807142857144,168.66357142857143,3.6709285714285746,1.333333,0.03569,0.009056,0.0,1.288588,3,0.5640078783035278,0.5640078783035278,0.85
150,discovery_pipeline_v6,SOLUSDT,LONG,1721498400000000000,,173.49,173.088,TIME_EXIT,1.5682857142857114,171.13757142857145,176.62657142857142,2.3524285714285673,-0.170887,0.058999,0.014883,0.0,-0.24477,12,0.5695837736129761,0.5695837736129761,0.6
151,discovery_pipeline_v6,SOLUSDT,LONG,1721512800000000000,,173.344,172.579,TIME_EXIT,1.8282142857142836,170.60167857142858,177.00042857142856,2.7423214285714255,-0.278961,0.050569,0.012775,0.0,-0.342305,12,0.5780760049819946,0.5780760049819946,0.4
152,discovery_pipeline_v6,SOLUSDT,LONG,1721685600000000000,,178.483,174.7605357142857,STOP_HIT,2.4816428571428566,174.7605357142857,183.44628571428572,3.7224642857142847,-1.0,0.038358,0.009723,0.0,-1.048081,8,0.5538623332977295,0.5538623332977295,0.4
153,discovery_pipeline_v6,SOLUSDT,LONG,1721768400000000000,,172.928,176.599,TIME_EXIT,2.872785714285716,168.61882142857144,178.67357142857142,4.309178571428574,0.851903,0.032104,0.008159,0.0,0.811639,12,0.5884743332862854,0.5884743332862854,0.85
154,discovery_pipeline_v6,SOLUSDT,LONG,1721779200000000000,,171.023,176.97357142857143,TARGET_HIT,2.975285714285714,166.56007142857143,176.97357142857143,4.462928571428571,1.333333,0.030657,0.007797,0.0,1.294879,9,0.5546982884407043,0.5546982884407043,0.85
155,discovery_pipeline_v6,SOLUSDT,LONG,1721858400000000000,,177.301,173.0023214285714,STOP_HIT,2.865785714285715,173.0023214285714,183.03257142857143,4.298678571428573,-1.0,0.032996,0.008382,0.0,-1.041379,4,0.5855339169502258,0.5855339169502258,0.6
156,discovery_pipeline_v6,SOLUSDT,LONG,1722110400000000000,,183.028,179.44728571428573,STOP_HIT,2.387142857142852,179.44728571428573,187.8022857142857,3.5807142857142784,-1.0,0.040892,0.010356,0.0,-1.051248,1,0.5508541464805603,0.5508541464805603,0.0
157,discovery_pipeline_v6,SOLUSDT,SHORT,1722434400000000000,,180.506,183.64035714285714,STOP_HIT,2.0895714285714297,183.64035714285714,176.32685714285714,3.1343571428571444,-1.0,0.046072,0.011651,0.0,-1.057723,1,0.5775817036628723,0.5775817036628723,0.0
158,discovery_pipeline_v6,SOLUSDT,LONG,1722790800000000000,,134.918,140.21,TARGET_HIT,2.646000000000003,130.949,140.21,3.9690000000000047,1.333333,0.027194,0.006932,0.0,1.299207,3,0.562637984752655,0.562637984752655,0.6
159,discovery_pipeline_v6,SOLUSDT,LONG,1722996000000000000,,149.311,151.983,TIME_EXIT,3.833500000000003,143.56075,156.978,5.750250000000005,0.464675,0.020773,0.005327,0.0,0.438576,12,0.5763338208198547,0.5763338208198547,0.85
160,discovery_pipeline_v6,SOLUSDT,LONG,1723028400000000000,,151.552,146.76989285714285,STOP_HIT,3.188071428571431,146.76989285714285,157.92814285714286,4.782107142857146,-1.0,0.025353,0.006472,0.0,-1.031825,4,0.5533522963523865,0.5533522963523865,0.85
161,discovery_pipeline_v6,SOLUSDT,LONG,1723042800000000000,,148.391,143.91157142857142,STOP_HIT,2.9862857142857138,143.91157142857142,154.36357142857142,4.479428571428571,-1.0,0.026502,0.006759,0.0,-1.033261,4,0.5568752288818359,0.5568752288818359,0.2
162,discovery_pipeline_v6,SOLUSDT,LONG,1723064400000000000,,146.278,141.62371428571427,STOP_HIT,3.1028571428571428,141.62371428571427,152.48371428571429,4.654285714285714,-1.0,0.025143,0.006419,0.0,-1.031562,4,0.5531473755836487,0.5531473755836487,0.2
163,discovery_pipeline_v6,SOLUSDT,LONG,1723640400000000000,,147.141,151.10899999999998,TARGET_HIT,1.9840000000000007,144.165,151.10899999999998,2.976000000000001,1.333333,0.039554,0.010022,0.0,1.283757,1,0.5525226593017578,0.5525226593017578,0.0
164,discovery_pipeline_v6,SOLUSDT,LONG,1723705200000000000,,142.465,145.38685714285714,TARGET_HIT,1.4609285714285736,140.27360714285714,145.38685714285714,2.1913928571428603,1.333333,0.052009,0.013136,0.0,1.268189,6,0.5751562714576721,0.5751562714576721,0.4
165,discovery_pipeline_v6,SOLUSDT,LONG,1723716000000000000,,141.616,144.6421428571429,TARGET_HIT,1.5130714285714302,139.34639285714286,144.6421428571429,2.2696071428571454,1.333333,0.049917,0.012613,0.0,1.270803,3,0.5579590797424316,0.5579590797424316,0.85
166,discovery_pipeline_v6,SOLUSDT,LONG,1723730400000000000,,144.901,142.0669642857143,STOP_HIT,1.8893571428571445,142.0669642857143,148.6797142857143,2.834035714285717,-1.0,0.040903,0.010359,0.0,-1.051262,5,0.5812842845916748,0.5812842845916748,0.6
167,discovery_pipeline_v6,SOLUSDT,LONG,1723741200000000000,,143.146,140.01871428571428,STOP_HIT,2.084857142857144,140.01871428571428,147.31571428571428,3.1272857142857156,-1.0,0.036619,0.009288,0.0,-1.045907,2,0.5750788450241089,0.5750788450241089,0.85
168,discovery_pipeline_v6,SOLUSDT,LONG,1723755600000000000,,141.756,143.666,TIME_EXIT,2.4294285714285713,138.11185714285713,146.61485714285715,3.6441428571428567,0.524129,0.03112,0.007913,0.0,0.485096,12,0.5529228448867798,0.5529228448867798,0.6
169,discovery_pipeline_v6,SOLUSDT,LONG,1723852800000000000,,138.881,139.057,TIME_EXIT,2.332285714285707,135.38257142857145,143.5455714285714,3.498428571428561,0.050308,0.031758,0.008073,0.0,0.010477,12,0.573747456073761,0.573747456073761,0.6
170,discovery_pipeline_v6,SOLUSDT,LONG,1723867200000000000,,139.351,140.129,TIME_EXIT,1.7757142857142807,136.68742857142857,142.90242857142857,2.663571428571421,0.292089,0.041854,0.010597,0.0,0.239638,12,0.5520073175430298,0.5520073175430298,0.6
171,discovery_pipeline_v6,SOLUSDT,LONG,1723982400000000000,,145.379,142.98982142857142,STOP_HIT,1.5927857142857127,142.98982142857142,148.5645714285714,2.389178571428569,-1.0,0.048679,0.012303,0.0,-1.060982,12,0.5646703839302063,0.5646703839302063,0.6
172,discovery_pipeline_v6,SOLUSDT,LONG,1724014800000000000,,145.024,142.5465357142857,STOP_HIT,1.6516428571428545,142.5465357142857,148.32728571428572,2.477464285714282,-1.0,0.04683,0.011841,0.0,-1.058671,3,0.550388514995575,0.550388514995575,0.85
173,discovery_pipeline_v6,SOLUSDT,LONG,1724029200000000000,,142.033,143.1,TIME_EXIT,1.5840714285714281,139.65689285714285,145.20114285714286,2.3761071428571423,0.449054,0.04782,0.012088,0.0,0.389145,12,0.5960468053817749,0.5960468053817749,0.4
174,discovery_pipeline_v6,SOLUSDT,LONG,1724040000000000000,,143.087,140.94917857142858,STOP_HIT,1.4252142857142818,140.94917857142858,145.93742857142854,2.1378214285714225,-1.0,0.053545,0.01352,0.0,-1.067065,6,0.5524755120277405,0.5524755120277405,0.2
175,discovery_pipeline_v6,SOLUSDT,SHORT,1733295600000000000,,236.85,228.76285714285714,TARGET_HIT,4.04357142857143,242.91535714285715,228.76285714285714,6.065357142857145,1.333333,0.03124,0.007943,0.0,1.29415,10,0.558361291885376,0.558361291885376,0.85
176,discovery_pipeline_v6,SOLUSDT,SHORT,1733306400000000000,,236.93,229.30428571428573,TARGET_HIT,3.8128571428571427,242.64928571428572,229.30428571428573,5.719285714285714,1.333333,0.033141,0.008419,0.0,1.291773,7,0.5653020739555359,0.5653020739555359,0.85
177,discovery_pipeline_v6,SOLUSDT,SHORT,1733317200000000000,,231.4,225.09285714285716,TARGET_HIT,3.153571428571431,236.13035714285715,225.09285714285716,4.730357142857146,1.333333,0.039134,0.009917,0.0,1.284282,4,0.5567062497138977,0.5567062497138977,0.85
178,discovery_pipeline_v6,SOLUSDT,SHORT,1733338800000000000,,232.83,225.78857142857143,TARGET_HIT,3.520714285714289,238.11107142857145,225.78857142857143,5.281071428571433,1.333333,0.03527,0.008951,0.0,1.289112,7,0.5525733828544617,0.5525733828544617,0.85
179,discovery_pipeline_v6,SOLUSDT,SHORT,1735110000000000000,,198.03,198.17,TIME_EXIT,2.0007142857142832,201.03107142857144,194.02857142857144,3.001071428571425,-0.04665,0.052789,0.013331,0.0,-0.11277,12,0.5577609539031982,0.5577609539031982,0.85
180,discovery_pipeline_v6,SOLUSDT,LONG,1735336800000000000,,184.71,186.19,TIME_EXIT,2.4735714285714283,180.99964285714287,189.65714285714287,3.7103571428571422,0.398883,0.039826,0.01009,0.0,0.348968,12,0.552832305431366,0.552832305431366,0.6
181,discovery_pipeline_v6,SOLUSDT,LONG,1735347600000000000,,185.19,186.72,TIME_EXIT,2.01714285714286,182.1642857142857,189.2242857142857,3.0257142857142902,0.505666,0.048964,0.012374,0.0,0.444327,12,0.5637573599815369,0.5637573599815369,0.6
182,discovery_pipeline_v6,SOLUSDT,LONG,1735365600000000000,,185.56,188.89000000000001,TARGET_HIT,1.6650000000000003,183.0625,188.89000000000001,2.4975000000000005,1.333333,0.059439,0.014993,0.0,1.258902,9,0.5556658506393433,0.5556658506393433,0.85
183,discovery_pipeline_v6,SOLUSDT,LONG,1736352000000000000,,194.62,190.52821428571428,STOP_HIT,2.7278571428571428,190.52821428571428,200.0757142857143,4.091785714285714,-1.0,0.038051,0.009646,0.0,-1.047697,2,0.5534877777099609,0.5534877777099609,0.85
184,discovery_pipeline_v6,SOLUSDT,LONG,1744444800000000000,,124.25,127.42857142857143,TARGET_HIT,1.5892857142857153,121.86607142857143,127.42857142857143,2.383928571428573,1.333333,0.041696,0.010557,0.0,1.28108,6,0.5500653982162476,0.5500653982162476,0.85
185,discovery_pipeline_v6,SOLUSDT,LONG,1744498800000000000,,132.17,129.0692857142857,STOP_HIT,2.067142857142858,129.0692857142857,136.3042857142857,3.100714285714287,-1.0,0.034101,0.008658,0.0,-1.042759,8,0.5686838626861572,0.5686838626861572,0.4
186,discovery_pipeline_v6,SOLUSDT,LONG,1744509600000000000,,132.84,129.3867857142857,STOP_HIT,2.3021428571428553,129.3867857142857,137.4442857142857,3.453214285714283,-1.0,0.030775,0.007827,0.0,-1.038602,5,0.5637250542640686,0.5637250542640686,0.2
187,discovery_pipeline_v6,SOLUSDT,LONG,1744545600000000000,,129.71,127.05285714285715,STOP_HIT,1.7714285714285702,127.05285714285715,133.25285714285715,2.6571428571428553,-1.0,0.039052,0.009896,0.0,-1.048949,2,0.5538017749786377,0.5538017749786377,0.6
188,discovery_pipeline_v6,SOLUSDT,LONG,1744567200000000000,,131.36,128.675,STOP_HIT,1.7900000000000003,128.675,134.94000000000003,2.6850000000000005,-1.0,0.039139,0.009918,0.0,-1.049057,2,0.5590039491653442,0.5590039491653442,0.85
189,discovery_pipeline_v6,SOLUSDT,LONG,1744740000000000000,,128.07,125.45357142857142,STOP_HIT,1.7442857142857144,125.45357142857142,131.5585714285714,2.6164285714285715,-1.0,0.039159,0.009923,0.0,-1.049082,7,0.5675662159919739,0.5675662159919739,0.2
190,discovery_pipeline_v6,SOLUSDT,LONG,1744750800000000000,,128.03,125.33321428571429,STOP_HIT,1.797857142857142,125.33321428571429,131.62571428571428,2.696785714285713,-1.0,0.03798,0.009628,0.0,-1.047608,4,0.5639970302581787,0.5639970302581787,0.2
191,discovery_pipeline_v6,SOLUSDT,LONG,1744761600000000000,,125.12,126.17,TIME_EXIT,1.8421428571428555,122.35678571428572,128.80428571428573,2.7632142857142834,0.379992,0.036224,0.009189,0.0,0.334578,12,0.5512856841087341,0.5512856841087341,0.6
192,discovery_pipeline_v6,SOLUSDT,LONG,1744999200000000000,,133.92,136.17,TARGET_HIT,1.125000000000002,132.2325,136.17,1.687500000000003,1.333333,0.063488,0.016005,0.0,1.25384,9,0.5701643228530884,0.5701643228530884,0.6
193,discovery_pipeline_v6,SOLUSDT,LONG,1745038800000000000,,138.31,140.60142857142858,TARGET_HIT,1.1457142857142852,136.59142857142857,140.60142857142858,1.718571428571428,1.333333,0.064384,0.016229,0.0,1.25272,11,0.5506609082221985,0.5506609082221985,0.85
194,discovery_pipeline_v6,SOLUSDT,LONG,1745755200000000000,,147.75,147.91,TIME_EXIT,1.3514285714285745,145.72285714285715,150.45285714285714,2.027142857142862,0.078929,0.058309,0.014711,0.0,0.00591,12,0.5588499903678894,0.5588499903678894,0.85
195,discovery_pipeline_v6,SOLUSDT,LONG,1745766000000000000,,148.95,147.0910714285714,STOP_HIT,1.2392857142857159,147.0910714285714,151.42857142857142,1.858928571428574,-1.0,0.064101,0.016159,0.0,-1.08026,10,0.5557742714881897,0.5557742714881897,0.6
196,discovery_pipeline_v6,SOLUSDT,LONG,1746367200000000000,,146.41,144.96142857142857,STOP_HIT,0.9657142857142864,144.96142857142857,148.34142857142857,1.4485714285714297,-1.0,0.080858,0.020348,0.0,-1.101205,9,0.5598429441452026,0.5598429441452026,0.6
197,discovery_pipeline_v6,SOLUSDT,LONG,1746471600000000000,,146.41,144.50285714285712,STOP_HIT,1.2714285714285722,144.50285714285712,148.95285714285714,1.9071428571428584,-1.0,0.061415,0.015487,0.0,-1.076903,8,0.558883547782898,0.558883547782898,0.4
198,discovery_pipeline_v6,SOLUSDT,LONG,1747022400000000000,,175.74,180.51857142857145,TARGET_HIT,2.3892857142857156,172.15607142857144,180.51857142857145,3.583928571428573,1.333333,0.039228,0.00994,0.0,1.284164,10,0.5649906396865845,0.5649906396865845,0.6
199,discovery_pipeline_v6,SOLUSDT,LONG,1747130400000000000,,174.01,178.39142857142855,TARGET_HIT,2.190714285714285,170.72392857142856,178.39142857142855,3.2860714285714274,1.333333,0.042363,0.010724,0.0,1.280246,8,0.5760737657546997,0.5760737657546997,0.6
200,discovery_pipeline_v6,SOLUSDT,LONG,1747350000000000000,,169.06,173.12,TIME_EXIT,2.884285714285718,164.73357142857142,174.82857142857145,4.326428571428577,0.938418,0.031261,0.007949,0.0,0.899209,12,0.5779924392700195,0.5779924392700195,0.85
201,discovery_pipeline_v6,SOLUSDT,LONG,1747436400000000000,,167.33,164.24535714285716,STOP_HIT,2.056428571428575,164.24535714285716,171.44285714285715,3.0846428571428626,-1.0,0.043397,0.010983,0.0,-1.054379,3,0.5857499837875366,0.5857499837875366,0.4
202,discovery_pipeline_v6,SOLUSDT,LONG,1748138400000000000,,172.28,171.9,TIME_EXIT,1.7485714285714278,169.65714285714287,175.77714285714285,2.622857142857142,-0.14488,0.052547,0.01327,0.0,-0.210698,12,0.5528773665428162,0.5528773665428162,0.4
203,discovery_pipeline_v6,SOLUSDT,LONG,1748649600000000000,,155.77,152.39285714285714,STOP_HIT,2.2514285714285722,152.39285714285714,160.27285714285716,3.377142857142858,-1.0,0.0369,0.009358,0.0,-1.046258,3,0.5580382347106934,0.5580382347106934,0.2
204,discovery_pipeline_v6,SOLUSDT,LONG,1748746800000000000,,154.62,152.6914285714286,STOP_HIT,1.2857142857142858,152.6914285714286,157.1914285714286,1.9285714285714288,-1.0,0.064139,0.016168,0.0,-1.080307,7,0.5691366195678711,0.5691366195678711,0.4
